state,filename,chroma_stft,rmse,spectral_centroid,spectral_bandwidth,rolloff,zero_crossing_rate,mfcc1,mfcc2,mfcc3,mfcc4,mfcc5,mfcc6,mfcc7,mfcc8,mfcc9,mfcc10,mfcc11,mfcc12,mfcc13,mfcc14,mfcc15,mfcc16,mfcc17,mfcc18,mfcc19,mfcc20,label
1,(1).wav,0.406632632,0.020970689,1452.578133,1726.491396,3057.007549,0.076207516,-491.8653564,88.40917206,2.293241501,13.86332035,-7.211666584,1.419079304,1.458595634,-0.963709593,-0.957128286,-0.252166182,-11.63396168,-3.809942722,-5.768435478,-0.504029691,-4.809241295,1.403533101,5.979122639,-7.212368011,-3.606579542,-5.375455856,
1,(10).wav,0.2405155,0.079280652,1163.155555,1271.189634,2362.651287,0.05489562,-373.7705994,105.5780334,6.352703571,32.54088974,5.398328781,-8.238921165,-16.53028107,-27.24942589,-7.375922203,-28.09033775,-20.86436844,9.295082092,-14.9433918,5.321189404,27.52058983,-7.81982851,-6.614769936,-2.511725664,-13.15347576,-1.709722042,
1,(11).wav,0.316429317,0.022833019,1013.670099,1072.412936,1580.953881,0.058956023,-450.0238953,155.7999573,-10.28695297,-17.65143585,-13.1397171,-33.67910767,-17.19382095,-4.006622791,-4.240193844,6.963994503,9.854815483,1.934011817,-2.521958828,-6.242276669,-8.097823143,-6.027394772,-3.073096752,-3.287770271,-6.298988819,-3.908303976,
1,(12).wav,0.316429317,0.022833019,1013.670099,1072.412936,1580.953881,0.058956023,-450.0238953,155.7999573,-10.28695297,-17.65143585,-13.1397171,-33.67910767,-17.19382095,-4.006622791,-4.240193844,6.963994503,9.854815483,1.934011817,-2.521958828,-6.242276669,-8.097823143,-6.027394772,-3.073096752,-3.287770271,-6.298988819,-3.908303976,
1,(13).wav,0.416435629,0.011332498,1002.117718,1238.113305,1634.96682,0.055111069,-523.769104,173.6355133,-3.784036398,5.118747234,-3.628744125,-25.86364365,-7.8533988,-3.451412678,-3.881354332,-0.095242374,0.357038945,-0.173370287,-3.134272575,-4.931083202,-5.8065238,-4.165516376,-2.564645767,-2.640236616,-4.744172096,-5.081130981,
1,(14).wav,0.416435629,0.011332498,1002.117718,1238.113305,1634.96682,0.055111069,-523.769104,173.6355133,-3.784036398,5.118747234,-3.628744125,-25.86364365,-7.8533988,-3.451412678,-3.881354332,-0.095242374,0.357038945,-0.173370287,-3.134272575,-4.931083202,-5.8065238,-4.165516376,-2.564645767,-2.640236616,-4.744172096,-5.081130981,
1,(15).wav,0.316429317,0.022833019,1013.670099,1072.412936,1580.953881,0.058956023,-450.0238953,155.7999573,-10.28695297,-17.65143585,-13.1397171,-33.67910767,-17.19382095,-4.006622791,-4.240193844,6.963994503,9.854815483,1.934011817,-2.521958828,-6.242276669,-8.097823143,-6.027394772,-3.073096752,-3.287770271,-6.298988819,-3.908303976,
1,(16).wav,0.439299971,0.012908846,1035.347491,1275.396872,1742.270653,0.052072053,-518.5019531,172.7709808,-1.378504276,8.536364555,3.876970291,-20.2482872,-5.808616161,-2.295241833,-3.900006294,-0.226234362,0.548392594,0.425990492,-1.125072122,-2.643988371,-3.331084251,-2.066601753,-2.57925272,-3.081219912,-4.047255039,-4.884758472,
1,(17).wav,0.371698111,0.021305405,890.7456758,1100.662931,1497.444278,0.044008502,-491.5334473,177.002533,8.616734505,-0.972906649,-0.304072648,-23.82455635,-10.04405689,-2.243878126,-8.26239109,-3.400547266,-1.903704882,-3.395431995,-2.855599403,-5.834258556,-6.461699963,-3.29745841,-2.079011202,-3.477390528,-6.152318478,-5.848399639,
1,(18).wav,0.504978001,0.005213859,1069.635497,1500.428318,1917.20874,0.051079102,-548.2806396,149.3234253,-3.735858202,21.73853302,17.75558662,-10.30407333,0.608210444,3.310342789,2.427152395,5.291094303,4.418366909,3.461944342,2.323606253,0.533470213,-1.370310545,-0.451935738,-0.162333757,0.188741565,-1.168666601,-2.568507195,
1,(19).wav,0.212567255,0.110899173,1104.141491,1302.746043,2057.337205,0.048495678,-340.1342773,114.8766098,1.59137857,19.99096489,-2.358235121,-6.624537468,-41.26964951,-41.84867859,-6.305051327,-11.08808517,-15.3195591,11.09030056,-12.82339191,-1.177795768,19.73420525,-10.0883913,-0.497594804,3.212809801,-12.21662807,-9.312289238,
1,(2).wav,0.37781167,0.036114484,1269.215422,1544.029479,2482.758196,0.058297131,-434.8217773,96.72154999,7.176301956,13.44284153,-10.14671707,3.319294691,7.639661789,1.962038755,3.755998611,4.979412556,-10.91078949,-3.548113346,-1.340196371,3.595613956,-3.884032965,1.271918893,8.708741188,-5.319844723,-3.328588247,-5.093355656,
1,(20).wav,0.31398201,0.051556993,1279.339004,1635.698404,2842.764607,0.05612464,-439.7484131,68.301651,10.33737087,19.01403618,4.066320896,-5.945604801,-14.61592007,-15.37782097,1.461847067,-6.285543442,-4.047397137,2.760276079,-10.67600822,2.955737829,8.91914463,-8.813234329,-4.695328712,-0.460398257,-6.032027245,-5.433342457,
1,(21).wav,0.385170788,0.05208772,1572.591895,1859.949815,3634.121927,0.064107755,-444.5848999,71.65374756,6.426824093,13.11413574,3.939821243,2.247608662,-12.14076519,-18.82675934,-0.172183618,-9.447307587,-5.389006615,8.716244698,-5.29101038,5.397640705,13.28848934,-5.161017895,-4.114374161,-1.940453887,-4.806263447,-2.859796762,
1,(22).wav,0.385349482,0.016366286,1604.150118,1955.132943,3813.72603,0.071107067,-540.2453003,78.68997955,2.646916389,25.00546837,0.586714864,8.910041809,7.785660744,-3.376386404,5.171370983,-11.34499264,-1.319906473,9.37782383,-4.207036495,6.804079533,4.718869209,-4.427456379,3.034825325,-3.921044111,-7.390733719,-5.326169014,
1,(23).wav,0.250840932,0.033317335,1293.477018,1541.25181,2674.336531,0.060962574,-465.3489685,100.8832245,0.452006012,12.69570637,-0.146803051,0.145950124,-8.587525368,-17.24761581,-0.585073113,-6.198494911,-12.35066795,4.28602457,0.857277513,2.985838413,8.345430374,-2.162586212,1.004841924,-2.06671524,-9.041439056,-7.402191162,
1,(24).wav,0.387856185,0.015791126,1791.521594,1903.516983,3719.704045,0.097547216,-517.7956543,85.84959412,5.816804886,16.2106514,-3.17982173,5.542004585,-10.04271317,-10.33223248,6.378376484,-4.097679138,-7.595329762,-0.296300203,-3.427961588,4.385542393,5.58268261,-3.696951151,0.536715031,-3.625410318,-1.371347427,-2.20557642,
1,(25).wav,0.285122395,0.015550509,1603.230107,1642.580985,3233.624549,0.088784555,-520.9901123,96.21067047,-0.90848887,20.89289284,0.913636804,-5.012774467,-8.589707375,-16.45733643,-3.753132343,-8.297574997,-0.560475767,7.654497623,-7.227074623,3.403785706,11.9024477,-5.712693691,-3.271355867,5.172123432,-1.075824142,-4.392776012,
1,(26).wav,0.265165895,0.022275588,1498.108418,1624.861341,3127.244953,0.075409791,-478.0482483,73.64677429,-7.840800285,19.6071682,-0.456053734,4.465907097,-3.31512475,-18.9094696,-0.971481621,-7.125226498,-5.897525787,-3.933368683,-10.60682964,8.773551941,6.820549965,-8.608258247,2.433377743,3.58667016,-5.610707283,-2.712977886,
1,(27).wav,0.347794771,0.028488878,1604.299131,1800.2194,3445.470832,0.073809455,-462.6425171,82.96291351,1.699916005,20.61796188,-7.20126152,-2.690686703,-9.592571259,-19.90497208,-4.504673004,-14.0956974,-5.109494686,9.585421562,-13.77537251,1.869078398,14.70693588,-6.601115704,-1.649948716,-0.705636024,-2.027540207,-5.285945892,
1,(28).wav,0.422416806,0.011613163,1223.780849,1484.713954,2360.113315,0.071520575,-580.8739624,122.1170883,15.39171124,19.69087219,12.74683857,20.34666443,4.727234364,-1.62501049,-16.55303192,-0.622907817,3.568413258,2.027532578,1.490678549,6.036329269,8.372940063,-2.374796629,2.119189262,-3.562642097,-1.847220659,-3.751944542,
1,(29).wav,0.447885215,0.015437612,1306.245087,1721.943742,2670.258853,0.070813631,-536.5363159,77.45304108,9.865511894,14.24753761,8.075650215,9.878381729,1.838629723,-0.685800612,-7.101223469,-1.789481521,3.566133499,3.475916386,2.84741044,2.320697784,3.487839222,-2.308565378,-0.309327275,-0.727286816,-2.788883209,-1.48714602,
1,(3).wav,0.419487894,0.029532708,1496.752267,1673.576924,3125.095825,0.077209473,-429.6814575,95.91044617,-15.01116943,17.47068596,-16.16259956,-0.519177437,2.642455578,0.726906359,3.592412233,-2.959194422,-10.86854267,-0.303145409,-4.604479313,2.198533535,-0.390898854,0.135806754,5.051788807,-5.034356594,-2.32078886,-2.937897682,
1,(30).wav,0.407816142,0.018843157,1586.348789,1766.136676,3218.571085,0.076733034,-513.2793579,99.52306366,4.362782955,22.60592461,5.685204506,11.60832691,-0.224611729,-2.095308065,-16.8337326,-1.870380998,2.084810495,2.274584532,3.299753428,2.952382326,4.571792126,-4.481657982,1.875980377,-2.209040165,-1.182482958,-1.757639647,
1,(31).wav,0.326934248,0.016911436,1145.565083,1436.386041,2052.638038,0.063217026,-504.9725037,109.5902328,5.106022358,9.851540565,10.0576725,12.74100494,2.277457237,-4.870404243,-13.99200058,-6.641973972,1.015461445,3.010772943,-2.42918849,7.296400547,9.225106239,-6.184373856,1.161325216,-1.131866574,-2.876172304,-4.893069267,
1,(32).wav,0.412353247,0.023765229,1121.527887,1541.95448,2313.560902,0.052366579,-484.9598083,112.7514954,12.39899158,20.8233223,2.783004284,7.596739292,6.735024929,-2.806341887,-11.96884727,-4.953565121,1.614575505,4.549814224,-1.008640528,7.538960934,8.233514786,-6.657725334,-0.297765791,-3.461904526,-4.059878826,-2.645227432,
1,(33).wav,0.400827557,0.017399808,1210.633608,1531.897244,2366.763466,0.064718681,-525.6248169,114.3455658,6.312087536,12.44771576,5.749055386,19.19555092,7.60949564,-6.912219524,-15.88528252,-3.898673773,4.643424034,7.836724758,5.191631794,6.472363949,7.697042465,-5.951959133,0.522179782,-0.554381251,-0.506668329,1.071747422,
1,(34).wav,0.439474285,0.014789777,1286.792543,1639.678703,2624.797307,0.071987418,-554.9649658,94.8223114,14.49558544,11.17564964,5.656944752,8.596714973,4.77933979,-0.561203361,-9.221265793,-3.198682308,2.681512117,3.851064682,1.506677151,3.395091534,4.546117306,-1.541153669,0.72080934,-0.564703107,-0.999574363,-3.841262817,
1,(35).wav,0.472431272,0.011664735,1396.440106,1711.174845,2841.718207,0.089928144,-585.4625244,101.576004,15.5959034,14.59527969,9.676868439,16.04872704,3.394984007,-2.905872583,-14.17864323,-2.023269415,3.231040001,4.741848469,1.626161695,1.420287371,5.759627342,0.617246032,2.946567774,-1.037910461,-0.438018054,-4.450876236,
1,(36).wav,0.407049328,0.04213763,1085.92525,1486.092808,2028.533635,0.055576012,-441.6846008,100.6488495,3.834748268,15.36008167,-0.615105033,9.714169502,3.81041646,-6.072234631,-17.92340279,-9.366214752,0.807325602,4.911519051,0.534006834,1.016139627,9.854088783,-1.44515276,-3.275454521,-1.091314554,-3.34546876,-5.651416302,
1,(37).wav,0.373578638,0.017066389,1178.691303,1522.661807,2300.800323,0.063613892,-534.3161011,101.642128,12.26976681,11.26232243,12.15172291,16.71723938,3.362508774,-7.396515369,-16.85395241,-0.362583369,7.831704617,4.143372536,-0.545827866,3.534702301,6.288829803,-0.846060812,1.96709919,-0.270129532,1.044978261,-2.637392759,
1,(38).wav,0.380074412,0.106557287,3075.495775,2948.089931,6792.02201,0.137982719,-295.7271118,55.71327209,16.46610832,-0.056886576,-13.5820837,-8.20175457,3.411534548,-4.900719166,-18.46891403,6.57712698,-17.07212639,8.602960587,-9.179152489,-0.577263534,2.878007889,-5.761440277,-6.784711361,0.111828804,-12.48956966,-1.264194608,
1,(39).wav,0.42368269,0.059651557,4339.765523,2976.986175,7370.228161,0.344754306,-367.2537842,42.10645676,27.53315926,-5.671284676,-3.781012774,-6.415994167,2.20865798,2.246959686,-19.53087997,2.768856287,-14.72932816,2.292371511,-7.606153965,3.031510115,-4.166804314,0.462089032,-5.684907913,3.384576321,-13.23562622,-0.844521761,
1,(4).wav,0.44981733,0.018459192,1728.020255,1967.656145,3892.762288,0.081827479,-511.989563,71.471138,6.315161705,18.36789322,-1.311936021,4.285646439,5.45968771,2.954340935,0.506845415,0.944929898,-7.051218987,-0.014003994,-5.158226967,0.969827771,-1.803079844,1.281475186,4.930689812,-7.370551109,-3.113893986,-3.187366247,
1,(40).wav,0.391562879,0.075368598,3806.846032,2860.496969,7331.065632,0.209264996,-339.2417603,35.62626266,26.9274559,5.144687176,0.033409249,-8.549131393,0.87773788,3.555551052,-15.36010075,5.137456894,-16.69291878,8.394320488,-11.04415131,4.694256306,-2.403272152,2.390947819,-4.542402267,0.455548048,-9.787729263,1.583124042,
1,(41).wav,0.306005418,0.07796777,2985.653194,2938.374251,6536.885472,0.130544562,-360.7992554,59.34476471,18.60139465,6.397677898,-1.014622092,-8.538413048,9.832984924,4.180159569,-12.03658962,1.085726023,-12.55001545,7.576053619,-2.201421499,2.436412334,-4.089048862,-3.143508911,-6.285265446,2.444913149,-8.221989632,-2.736938953,
1,(42).wav,0.382420868,0.046539113,3350.189636,2976.979615,7008.026772,0.170991938,-415.1143188,44.48384857,17.71292114,15.26351833,5.952641964,-5.06653738,-2.394274712,-3.755669832,-4.831954956,4.354226112,-11.93435097,3.468494415,-9.020263672,2.050790787,-0.704576552,-5.976199627,-4.896531582,-3.429130077,-8.372685432,-3.185966969,
1,(43).wav,0.31004113,0.062249068,2737.853166,2904.171685,6027.056426,0.117986249,-367.6013489,57.17049026,33.669487,-1.3830055,-7.450251579,-12.01113701,-13.40071201,-6.738645554,-18.59238434,-0.40210706,-13.51150894,2.911370993,-10.1570406,-1.677488446,-3.633337736,-2.864668131,-5.156489372,-7.760079384,-13.65534401,-0.938069701,
1,(44).wav,0.282750368,0.076316461,2870.508126,2856.107501,6537.049805,0.124244792,-367.6627808,44.07767105,4.647002697,-1.492251635,-1.231165171,-13.91888714,-6.804975033,-1.381183743,-11.29081821,-0.639567792,-9.532274246,4.952398777,-8.014156342,6.827021599,0.667767107,-0.054210089,-6.073917389,-3.739463806,-12.18332863,-6.097496033,
1,(45).wav,0.238105863,0.066526167,3283.04114,2927.779835,7002.668645,0.156094394,-381.0647278,43.96986389,21.0002327,1.486655116,-4.989207745,-0.937609017,7.706031799,4.905940056,-14.89938736,1.813230038,-11.24499893,7.217781544,-0.70423615,2.290681601,-3.865967751,-8.401088715,-4.290588856,4.153532028,-8.025691032,1.364532471,
1,(46).wav,0.397552818,0.069886893,3059.233913,2956.041208,6564.678955,0.147164481,-363.2796631,53.99695969,23.34955597,4.863719463,5.263424397,-7.703724384,3.899004698,5.272692204,-9.573707581,0.013623113,-8.55091095,4.903707027,-8.10519886,9.710226059,-7.284023285,0.992913842,-3.097222805,-2.379225254,-6.585945606,-5.265233994,
1,(47).wav,0.340577453,0.059547395,3563.236475,3086.631314,7091.384055,0.177251026,-389.8979187,50.37480164,26.17800522,-0.287642747,-2.202218056,-5.887891293,1.764132261,-2.97915554,-11.19644356,-1.177852631,-9.147059441,8.195978165,-6.480364323,0.536665976,-2.881683588,-3.203698158,-5.972080231,-0.914588749,-9.311985016,-2.417155743,
1,(48).wav,0.44699958,0.027760824,1269.402331,1679.285361,2718.175382,0.044770952,-451.6439209,85.41112518,12.83660984,19.98648071,-4.642414093,3.531717539,9.123675346,4.901137829,3.752435684,2.321882963,-5.725293636,4.104581356,0.30797106,5.618637562,2.32438159,3.075718641,8.544459343,-1.126219511,2.254515409,-0.484906524,
1,(49).wav,0.392871529,0.030287193,1342.422114,1623.879185,2686.632059,0.059313758,-443.0661926,78.76044464,3.077869892,14.97037411,-2.559771061,0.119642898,3.814908028,0.228203058,1.370829463,2.579199314,-8.799278259,-1.094707966,-2.676746845,1.256654859,-2.982393265,-0.053973023,4.584365368,-5.94430685,-2.304544449,-5.066893578,
1,(5).wav,0.416994244,0.024660755,1412.145849,1762.376011,2956.162068,0.068570412,-472.4884949,78.69355011,9.763232231,17.28788948,-4.519053936,0.389008701,3.27890873,1.121874928,-1.558733463,-1.649672985,-8.6208601,0.6441558,-5.128833771,0.438867092,-1.250082016,0.511742592,4.667154312,-4.501458645,-1.847342849,-5.423538685,
1,(50).wav,0.3959319,0.031872567,1440.870978,1766.916895,3099.230129,0.062901384,-455.2405701,80.56663513,7.744100094,21.27568626,-4.578881741,1.504598379,7.504302502,3.712812424,1.371319771,-1.59862864,-7.850335598,1.848509669,-3.609917402,4.564319611,-0.172047362,1.253681064,6.640776634,-3.568418264,-2.334081888,-3.886541843,
1,(6).wav,0.414847434,0.027390106,1488.307323,1751.033554,3195.740736,0.073682081,-468.7461853,84.5973587,6.171522617,16.19791603,-9.764241219,-3.878825903,1.827638865,-1.824675083,-0.877096236,-0.731841028,-10.08088017,0.141696617,-3.435432673,1.675449848,-2.885162592,-2.058092833,3.995718956,-6.175286293,-2.975540876,-4.897572517,
1,(7).wav,0.430657953,0.021643601,1535.193537,1942.701343,3580.55758,0.064963942,-485.0040283,63.78985977,8.593073845,16.64473152,-1.373355508,3.771034718,5.768136024,3.157287121,2.191163778,1.295568585,-5.553011417,0.898436129,-3.623820543,0.947242618,-1.93964088,-0.096414261,3.958861828,-5.07043457,-3.115012407,-5.189814568,
1,(8).wav,0.504978001,0.005213859,1069.635497,1500.428318,1917.20874,0.051079102,-548.2806396,149.3234253,-3.735858202,21.73853302,17.75558662,-10.30407333,0.608210444,3.310342789,2.427152395,5.291094303,4.418366909,3.461944342,2.323606253,0.533470213,-1.370310545,-0.451935738,-0.162333757,0.188741565,-1.168666601,-2.568507195,
1,(9).wav,0.400990814,0.016667539,989.6993775,1207.628481,1643.741954,0.053938432,-506.1201172,168.0078583,6.017127514,1.198641658,1.611887336,-22.43006325,-8.716944695,-1.76799953,-7.173772812,-1.936836243,-0.917255044,-1.984886169,-1.778300524,-4.825906277,-4.571120739,-2.881543159,-3.156296015,-2.799328089,-4.302978992,-4.725579262,
0,(1).wav,0.346014619,0.124793679,1633.163684,1727.128292,3349.988686,0.06776391,-279.6245422,102.9363785,-12.76127243,22.4727993,-8.329561234,14.41261673,-11.12515259,-24.37299728,-26.38258362,6.955389977,-5.494722843,-2.883001566,4.961267471,8.044794083,-9.129882813,-3.968150377,7.690205574,-8.811534882,8.507217407,5.434793472,
0,(10).wav,0.318654656,0.153536603,1559.93613,1686.249434,3246.728516,0.058919271,-248.4352264,116.3231888,-25.36128807,23.76593208,-9.412994385,12.81570816,-17.70328522,-25.33362007,-25.10857773,8.910266876,-5.974515438,-0.88433969,3.15479207,8.090844154,-7.530340195,-4.068843842,9.03953743,-9.26418972,14.81450748,3.446979284,
0,(11).wav,0.412340701,0.010583258,1396.150034,1779.472029,2958.630902,0.047356205,-526.3547974,122.0771942,-0.962014914,28.02884293,-12.75714684,-0.456193507,14.8577261,12.7718277,-15.70517159,8.209418297,-5.66324234,-5.557730198,2.498376608,0.952563107,-0.652190208,-2.487242222,-3.612035513,-2.34949708,-3.851484776,-11.4949379,
0,(12).wav,0.423824012,0.007899071,1680.778128,1945.605148,3593.720315,0.065390847,-573.5292358,98.24414063,2.928665876,28.84744072,-12.41062927,-2.080808163,24.6423893,15.42053795,-12.59483719,5.701871872,-0.574572504,-4.911789417,5.825384617,-3.279061079,1.690926313,-1.242776036,-8.518683434,5.991436958,-6.024194717,-10.5705471,
0,(13).wav,0.337353468,0.006107733,1659.284899,2125.703921,3823.523888,0.060847356,-610.0429077,101.0189819,14.63133812,26.22950745,-5.585974693,5.805855751,22.92609596,4.402181625,-14.27365589,4.738559246,-5.200075626,0.33913669,-2.024635553,-10.82531834,3.229387999,-2.016850948,-6.392677784,1.230710626,-5.378928661,1.28343904,
0,(14).wav,0.401451319,0.006531459,1530.525532,1936.488361,3379.351596,0.059800422,-580.2623901,111.2725601,3.422404289,29.34396935,-8.798296928,12.10460186,30.12859535,11.5089283,-24.23796082,13.00107861,1.072704434,-0.706728101,0.277140498,-8.009148598,6.268805027,-1.998092771,-5.788944721,1.640846372,-5.698860645,-4.217589378,
0,(15).wav,0.370387852,0.007383295,1460.136221,1893.091777,3256.313241,0.053010872,-584.8939209,115.4735184,-3.357841492,25.69065666,-2.221923113,-2.840261698,21.87596703,13.4691,-9.039629936,7.495372295,-1.068267584,-5.967686653,3.437783003,0.469531417,0.850223422,1.944857717,-9.086256981,2.162747622,-1.797166586,-11.03210545,
0,(16).wav,0.377144277,0.007936689,1410.133004,1863.321179,3025.646579,0.054655998,-589.5228271,112.1861115,10.96717262,27.92708778,-10.17267323,-2.659686804,26.9005661,5.716202259,-18.18932152,9.489465714,-4.485335827,-3.340692997,4.463272095,-5.307001114,3.179740667,-3.379116297,-6.043625832,3.194259882,-5.12063694,-7.626105309,
0,(17).wav,0.338750929,0.00658451,1822.759172,2125.636379,4148.924462,0.060355522,-601.7160645,110.1843033,12.11681271,22.54757309,-13.74684715,-1.137378335,31.24459648,8.335371017,-21.37303543,15.26920319,-3.72022438,-6.861868382,8.827196121,-5.453556061,-0.479758084,0.342571348,-3.173489571,3.516998291,-10.10013199,-7.086500168,
0,(18).wav,0.498004168,0.007219891,1656.248348,1998.3316,3697.952058,0.065634084,-588.6964111,107.3785553,-0.497517377,26.7167511,-10.16645241,-4.73266077,16.17903137,11.71604919,-11.95040703,3.517704725,-2.316102505,-2.992307901,0.989373863,-0.479720771,3.162621737,-1.521229982,-5.50929594,1.80053091,-1.518809438,-6.91896677,
0,(19).wav,0.444099069,0.008175606,1766.503224,2084.798254,4057.07322,0.061369821,-585.453186,100.5790253,4.261333466,28.30056,-14.12328148,-1.152496576,18.82684326,13.84032822,-9.67771244,8.80219841,0.796232343,-0.744524479,5.129281044,1.537952185,-2.912472725,-2.720615625,-2.57323885,6.024420738,-4.05607605,-4.693557739,
0,(2).wav,0.28537491,0.132978797,1592.638934,1706.906282,3342.431641,0.072007921,-251.2190704,115.2818909,-17.31151581,23.92022514,-25.08337402,14.44977283,-3.932472706,-32.06719589,-26.6950264,10.48375607,3.723931313,-1.283094883,-4.149394989,17.51169395,-3.679865837,-13.96024609,8.339543343,-12.63126945,-6.55516243,-1.137516856,
0,(20).wav,0.457034349,0.008651431,1477.561768,1909.461232,3252.020335,0.05496898,-584.0514526,105.397644,4.366143227,21.16311646,-19.84080315,5.932396889,32.6711235,0.090484202,-13.23316193,11.40848541,-8.421092987,3.779359341,4.469360352,-1.768022299,0.870856941,-2.624951363,6.031280041,-2.643681288,-7.935657978,-4.125861168,
0,(21).wav,0.417106241,0.002633805,1905.000708,2062.479661,4284.417255,0.106401492,-675.2060547,90.29441833,-6.592728138,35.28491974,-2.238839626,8.935743332,-3.499733448,3.653137922,-7.686110973,-5.11763525,-1.814700603,-2.561130762,4.758823872,2.751826048,2.139851809,-2.063817024,4.650968552,-5.916033745,7.124203205,3.731002808,
0,(22).wav,0.34149906,0.002017165,1432.714239,1690.39475,3158.065092,0.060784756,-704.8341675,100.8016815,4.188197136,27.66835403,-5.132047653,7.917220592,2.335979462,1.012289643,-5.802006721,-5.864746094,1.068847299,-0.643249869,2.088428497,2.09868741,0.241284594,-1.396317005,1.775626183,-5.378692627,1.320927858,1.302037001,
0,(23).wav,0.327983409,0.00206206,1435.887409,1573.942674,2889.656856,0.071754894,-675.7799683,108.3009644,-0.658207238,35.84384918,-7.162387848,14.39938164,-11.08309078,3.102073908,-2.311022282,-12.52807903,-0.015866285,-2.316726923,-4.725203991,2.450799465,4.816933632,-7.273900509,8.973302841,-3.975826979,-3.352634192,1.937804461,
0,(24).wav,0.273000419,0.002018281,1472.008365,1658.719185,3132.961426,0.073969184,-684.2817993,112.6025085,-0.504797041,39.52441025,-10.64750862,23.795784,-5.357640743,-0.834780693,0.58559525,-9.878639221,-7.555583954,-1.021312237,-1.302245975,-1.242630124,9.574495316,-5.897285938,6.03925705,-0.793890536,-6.711401463,-1.184121013,
0,(25).wav,0.355284363,0.001703493,1725.318724,1843.214665,3779.364258,0.086582031,-701.5948486,87.233078,4.553356647,28.3229332,-0.615180969,10.2605505,3.131070614,3.027106047,-11.29361629,-0.200900927,-2.398642063,-3.070109367,6.345093727,0.673313558,6.164213657,-3.491602421,5.113696098,-1.377407789,-2.215405464,1.749079585,
0,(26).wav,0.344520688,0.001889882,1392.99956,1767.461289,3193.999775,0.056682358,-703.9296875,101.5296402,8.725293159,40.54895401,-0.606265128,17.26260948,4.896783829,14.32609558,-9.56688118,-4.884950161,5.260957718,-6.157920361,9.786975861,9.718850136,3.070331812,1.391613007,7.307907104,-3.806390285,3.349814177,0.674692035,
0,(27).wav,0.439964741,0.002801594,2231.850758,2050.121029,4615.488281,0.157933408,-680.7385864,83.49920654,-4.147110462,30.35568428,-4.967964172,9.430812836,-6.007029057,3.246329069,-4.883916855,-12.88178635,-9.298319817,-6.103433609,6.605728149,-1.893366814,-0.293345511,-2.950342655,1.881188393,0.588522613,-3.291444063,-1.054198027,
0,(28).wav,0.40000248,0.001778229,1957.413517,1916.82867,4166.674805,0.12644926,-717.8148193,73.17061615,-12.49785233,22.34045601,-0.359287918,19.9545784,-5.809884071,0.94829154,-4.452907562,-7.131385326,-5.86332655,-4.034986019,3.246142864,-1.030357003,4.265106678,-4.148268223,2.36163044,-4.392179489,-2.142590761,2.620625496,
0,(29).wav,0.318658859,0.002260784,1751.764066,1764.342662,3765.028046,0.085586176,-689.6967773,89.29344177,-17.44877434,26.9816246,-6.981007099,18.98676109,-13.02831745,-4.671966553,-6.355491161,-15.92759705,-7.594672203,-3.805206299,-1.705403805,-1.547181249,5.386809826,-4.25453186,-0.385137737,-5.697986603,0.236620486,-0.723470628,
0,(3).wav,0.32765612,0.102583483,1609.228999,1701.250315,3446.814816,0.075354288,-295.905365,113.4851608,-16.70677567,24.81019211,-17.74572563,11.52278996,-0.003979506,-21.44018745,-25.73428726,4.926683903,3.152118444,6.342004299,-10.25824738,12.21830273,7.563593864,-15.12459278,0.785033047,-0.986127257,-3.313983202,-8.27593708,
0,(30).wav,0.303724408,0.002141213,1914.810769,1773.808052,3724.133301,0.138253348,-704.4877319,85.37281036,-11.60232067,30.30958939,-13.10310459,26.66023445,-8.274068832,0.273893714,-8.726982117,-7.874076843,-13.56849575,-9.488419533,7.299991608,-5.956455231,9.731982231,0.231897995,-0.576312065,-4.916419029,-3.515460491,-2.697005749,
0,(31).wav,0.396979988,0.011293921,1375.395684,1755.537372,2944.424484,0.077563841,-564.5126953,107.6551895,8.614993095,19.80844307,7.150478363,17.34756279,5.876869678,0.410790265,-11.36348724,-3.200056076,-2.062840223,4.634000778,3.520356178,6.777760983,3.788116455,-5.224450111,3.283866882,-2.676501274,-2.609690189,-6.555894852,
0,(32).wav,0.405457467,0.009537419,1379.121148,1757.046968,2879.642512,0.076649184,-596.7770996,110.6991882,16.22099113,29.47732162,1.905470967,15.53336906,4.942854404,2.589335918,-9.881198883,-1.16272068,0.55191952,6.168213367,-2.191287994,-4.505795956,3.204891205,-2.964991808,5.152459145,-0.360222161,-3.532549858,-5.576309204,
0,(33).wav,0.422009051,0.011632492,1119.376006,1623.819217,2313.906912,0.046618445,-576.2276001,116.7796783,12.93449783,24.65802574,4.971842766,17.19469452,6.554320335,5.426630974,-7.944405079,-9.910852432,0.451760381,7.94733429,2.546184063,-1.708121061,-1.993113995,0.838700354,6.571207047,-3.118686914,-2.019080162,-7.327989101,
0,(34).wav,0.407064855,0.009828377,1166.363153,1528.011921,2343.564131,0.065881117,-585.2944946,126.1299438,24.23747826,32.90994263,7.703565598,8.220496178,-6.493470192,0.010959824,-2.509496689,1.728109121,2.82874465,2.661880255,-3.086222887,-4.945445061,4.069138527,-0.743327022,-0.404285729,1.997896314,4.884243965,-6.720133781,
0,(35).wav,0.450757384,0.007406609,1194.655143,1681.378609,2575.949598,0.059592176,-620.2005615,117.4091873,20.87021828,20.50819397,3.631006718,12.77215767,4.968006611,2.256031036,-4.282381058,-3.22420001,-0.289991766,4.480309486,4.203309059,0.335585445,4.308992863,3.168963432,3.801324129,-4.585912228,-3.067912102,-4.226862907,
0,(36).wav,0.449879587,0.007296136,1185.775947,1669.258721,2510.456364,0.070675734,-612.3492432,118.3477478,18.46943665,21.84685516,7.904433727,13.33749485,4.992516994,3.631382227,-3.456505775,-0.69338429,-0.53835541,6.137095928,1.781071901,-2.212450266,6.940504074,4.574168682,-0.702416837,-2.193039417,-4.32939291,-9.268177986,
0,(37).wav,0.336406648,0.009572069,1219.465444,1505.340414,2273.204606,0.067788799,-589.1047363,118.4004364,17.14610291,23.31919098,2.897404671,10.01565742,0.461816937,-0.151499093,-3.632983208,1.34318614,-0.943267882,4.287569046,-0.06586238,-5.194527149,8.302872658,7.988156319,1.877811193,-4.21500349,-2.877290487,-11.14190102,
0,(38).wav,0.492666066,0.009267939,1303.3004,1653.412078,2592.140891,0.082719283,-590.5674438,106.0306854,13.97832012,24.25664139,3.890283346,9.729837418,2.757613897,1.701742291,-2.410773754,-3.856336832,-1.861353278,6.280167103,4.117520809,0.798918188,1.447484851,2.140646935,2.782729387,-5.876768589,-0.84390676,-7.103355408,
0,(39).wav,0.357533485,0.009417804,1711.263236,1800.134073,3384.958874,0.114856129,-589.895813,106.4376907,20.96155739,29.66562653,2.686531067,16.72972488,0.147625029,5.867265224,-7.19056654,4.531050205,-1.194169998,1.231438637,-0.56474328,-0.730389357,2.59481883,-1.815927029,6.549282551,-5.996516228,1.066934347,-6.544356346,
0,(4).wav,0.276546419,0.185296774,1776.317742,1738.970085,3466.320503,0.073004002,-227.5105591,103.6129379,-39.52317047,17.70982933,-12.61125565,3.364943266,-5.91617775,-21.54364777,-38.65807343,17.15336418,-8.842330933,8.625926971,-16.42792892,11.38033485,5.52072382,-12.39195538,8.615510941,-5.270639896,8.92741394,3.879486561,
0,(40).wav,0.404262871,0.0131514,1218.882439,1634.208985,2537.907951,0.057874454,-518.3190308,135.2132721,16.75634193,27.1562233,4.75195694,26.57494354,-8.276482582,-0.527075231,-9.064081192,0.40339911,-7.07683754,5.904757023,2.612086058,2.182894707,4.881058216,-7.611275196,3.211010695,-4.824511051,-1.010501146,-5.219156265,
0,(41).wav,0.35203442,0.091500454,3427.280753,2740.441315,6594.18457,0.1984375,-327.0054016,46.73901367,20.38501549,-0.850334406,-17.86108017,-0.788524926,8.515169144,-14.79791737,-16.54550552,6.672693253,-14.5524044,12.64592838,-10.2292614,-4.74125433,-2.610129356,-3.980776787,-7.444044113,-6.244199753,-15.56507778,-0.593505621,
0,(42).wav,0.371631712,0.081518941,3629.003191,2882.638913,6925.045499,0.212380149,-338.769928,52.43815994,27.61711884,-2.59385848,-9.223682404,1.103124142,13.28709602,-3.009029388,-23.31353188,3.980274439,-10.63953495,3.193502665,-8.549357414,-2.58978653,-0.423776865,-2.50267458,-5.091129303,-0.900114059,-14.7309103,-0.515802443,
0,(43).wav,0.351889551,0.070933655,3495.548552,2978.452087,7145.524292,0.183624268,-363.3756409,44.81116104,22.56668472,-0.003061295,2.09476614,7.468977451,9.67137146,-10.7145586,-15.61168957,8.013784409,-8.223358154,4.196378231,-10.53564644,3.486850023,-6.685099602,1.59387517,-3.923104763,-1.862149239,-10.21575165,-0.839503467,
0,(44).wav,0.377287954,0.096535556,3143.411994,2868.259564,6678.834614,0.161158512,-338.7484436,43.94865417,22.00191116,9.113507271,-0.768241465,-5.21776104,4.406567574,-0.620561779,-15.79724884,2.119177103,-7.525963306,5.542865753,-0.793823183,2.209410191,1.116324544,0.705897093,-6.604932785,1.368299007,-12.07412434,-5.04613781,
0,(45).wav,0.351963788,0.068684153,3026.321687,2741.201589,6115.569513,0.15586318,-369.3971558,56.83610916,16.0104084,3.108641863,0.698714614,2.739636421,11.0925436,-3.783758879,-13.27550793,8.287685394,-12.23219395,7.164896965,-3.715864658,2.5830338,-2.532139063,-2.086191416,-1.261093736,-2.364971399,-12.68174648,-2.065638304,
0,(46).wav,0.398006439,0.071771927,3409.385369,2800.278378,6782.591941,0.18548584,-361.5126953,36.17110825,8.948215485,6.65250349,6.840545654,-0.163318202,-5.035601616,7.825065613,-10.46596146,5.19492197,-6.328400135,-1.240537643,-0.974388838,3.594425917,-5.000656128,1.347568989,-7.677076817,1.097130775,-8.385884285,-1.019492507,
0,(47).wav,0.405824959,0.068815313,3254.974422,2819.459959,6441.860564,0.185553952,-345.5663452,48.20893478,31.56357193,13.16295433,-9.466222763,3.029013872,6.836882591,3.934242964,-13.75822353,6.95113039,-3.976624489,1.155739307,-1.657880068,-3.632992983,-2.1821661,1.027293682,-5.203334332,-0.544707954,-9.717556,3.098648071,
0,(48).wav,0.402004093,0.071255244,3664.071636,3004.369572,7180.880779,0.194810841,-351.730011,44.27327347,25.60201645,0.832329452,0.366059124,1.636898875,10.93187428,6.647501945,-14.32950306,5.631817818,-7.879285812,7.417346001,-5.495361805,-1.043753028,3.00847888,0.899689257,-3.863859415,0.582139969,-12.46106625,1.334678292,
0,(49).wav,0.330472291,0.109933503,2809.936634,2573.648971,5613.483297,0.136912379,-316.134491,64.34228516,18.79917145,4.599966526,-14.53820515,-0.972571731,11.34671688,-8.154195786,-20.86446953,8.046417236,-9.615130424,11.6179142,-5.154891491,-0.947572649,3.06495738,-1.092303753,-1.228714705,-4.071212769,-14.30830002,-0.966965258,
0,(5).wav,0.31966871,0.161169425,1637.086558,1745.728739,3138.464355,0.065359933,-258.3210449,105.4790497,-23.29686546,12.18091869,-5.385845184,9.557167053,-12.9280262,-15.75765228,-38.21490097,17.39036942,-3.254132986,3.237872601,-10.9635334,12.98837757,0.600961387,-13.69678879,7.011952877,-4.629695892,5.807425976,6.771296978,
0,(50).wav,0.330472291,0.109933503,2809.936634,2573.648971,5613.483297,0.136912379,-316.134491,64.34228516,18.79917145,4.599966526,-14.53820515,-0.972571731,11.34671688,-8.154195786,-20.86446953,8.046417236,-9.615130424,11.6179142,-5.154891491,-0.947572649,3.06495738,-1.092303753,-1.228714705,-4.071212769,-14.30830002,-0.966965258,
0,(6).wav,0.363175869,0.135938808,1385.738798,1523.62001,2728.091196,0.057128906,-271.2430115,114.4043198,-21.08411217,12.53024864,-8.861575127,10.82256794,-7.279755592,-22.86770821,-34.2566452,8.270100594,10.00203896,6.122605324,-3.430189371,12.15017509,0.618949056,-17.64583206,-1.056039691,-6.673749924,-8.102334023,-8.004109383,
0,(7).wav,0.32022205,0.148427427,1775.480391,1823.741527,3724.987793,0.069242932,-238.860672,110.7752991,-9.590522766,17.39854813,-16.2917881,16.83181381,-10.47477245,-21.29589462,-23.63075638,11.80566597,-3.929799795,5.08707428,-1.076628804,13.99854279,-3.298259974,-10.76422215,6.150774956,-11.47155762,-4.176577568,-5.883701324,
0,(8).wav,0.338333517,0.138708353,1735.420824,1885.966991,3931.916079,0.067212976,-267.6939697,104.1413498,-18.64901161,24.70185852,-16.4799099,14.18144798,-8.239214897,-24.83683968,-24.57352066,11.98603058,-4.415586948,4.738382339,-2.315548658,16.35162163,-4.633780956,-11.70872974,8.60662365,-14.33558178,-1.557667732,2.307378531,
0,(9).wav,0.328033239,0.107297026,1720.329066,1780.14512,3468.946503,0.070788872,-291.6283875,96.68426514,-3.30535841,17.39253998,-15.23913288,19.17353439,-5.65187788,-22.78376579,-24.74754143,8.5184412,4.70668602,1.979497552,-8.747940063,11.99524307,1.949506998,-11.3235693,1.92868638,-7.625592709,-4.536304474,-8.412120819,
1,(1).wav,0.390210479,0.006870723,1466.897588,2044.996136,3314.107738,0.044773476,-589.3037109,107.3906631,7.029571056,34.11578369,5.547308922,7.845714569,13.02392578,13.25988865,-12.27290154,11.26308823,-2.368936777,-1.71412468,-1.398375869,-4.754749775,3.162521601,-8.194205284,-7.695021629,-4.726989269,-2.393692732,-5.435474396,
1,(10).wav,0.425099432,0.009462018,1601.591473,1930.565139,3490.479707,0.064679402,-549.1704102,111.57547,-4.416474342,32.34672546,0.141386583,-5.735438824,20.97190666,13.01812172,-19.37518692,10.17461014,1.26031661,-4.643691063,2.349863529,-6.988391399,2.322055578,-3.8463943,-10.44274521,4.614107609,-6.458015919,-8.106958389,
1,(11).wav,0.349797487,0.042224552,2472.979082,2507.514917,4915.499745,0.139103544,-412.1187134,71.10244751,21.28229332,18.59671783,-6.191495895,-14.25547028,-33.99494553,-12.74432087,-8.811114311,-18.52201271,-13.46164894,2.679761171,-12.57044697,-6.9621315,5.84657526,-6.372048855,-11.44410038,-0.886765599,-12.90984058,-6.041200638,
1,(12).wav,0.34723115,0.02038691,2534.867477,2631.650715,5261.468185,0.123984889,-482.0427551,80.9666214,38.02409744,18.51604652,-17.2833271,-5.652822971,-15.2907896,-11.03684998,-14.57919598,-13.28203678,-3.400913954,-5.92913723,-7.508713722,-1.3183918,0.004736184,-1.917941689,-8.878095627,-7.613991261,-6.922486782,1.056435943,
1,(13).wav,0.440965414,0.01007802,3103.054022,2844.405595,6223.972982,0.177300347,-519.8762817,60.45098877,27.85069084,24.30874443,-1.187413931,1.223886132,-15.08483696,-1.210980058,-8.170390129,-5.774558067,-10.25572777,3.041004419,-7.407546997,-4.484675407,0.860785425,-5.115653038,-7.18219471,-1.259616852,-9.588759422,-0.372667104,
1,(14).wav,0.405335039,0.022124287,2657.937464,2739.638093,5644.315402,0.124653183,-480.7599182,69.67424011,31.62388611,23.72128105,-2.433353424,1.98631072,-13.0969696,-13.8739748,-8.970050812,-8.967510223,-6.263604164,-2.224416733,-10.2030859,-3.728890896,-2.673266888,-3.723369837,-8.14009285,-1.822528839,-5.814208984,-2.807993889,
1,(15).wav,0.358593822,0.068810701,2351.403271,2491.543587,5017.101746,0.098675537,-389.7937012,77.04319,25.24209213,6.348584175,-23.26759911,-6.160708427,-14.53116798,-3.549797058,-6.316605568,-7.644061089,-11.04771805,2.51184845,-7.153727531,4.146962166,5.127568245,-8.632655144,0.632696986,-5.172149658,-2.991723061,-8.864244461,
1,(16).wav,0.424744487,0.031092618,2633.830703,2750.666181,5893.398438,0.119287109,-463.2904053,71.47813416,33.92495346,13.5430336,-16.26156616,-1.485731483,-3.32087779,0.011025373,-6.254144192,-7.299290657,-4.711327553,2.291251183,-4.547213554,1.429956436,-2.413893223,-1.04868567,-5.413887501,-2.403088331,-8.02104187,-4.44785881,
1,(17).wav,0.36236912,0.017357573,2436.910011,2638.906905,5376.555441,0.108280779,-478.3566895,89.25312042,20.47205162,5.901657104,-2.209196806,-1.107958674,-9.344824791,-3.888663769,-15.34910774,-4.456699371,-9.525222778,-1.252536178,-3.923393488,-0.939442813,5.489152431,0.306284696,-6.447268486,2.108569145,-7.622397423,-5.384447098,
1,(18).wav,0.383123696,0.020572161,2590.527129,2505.826544,5141.773719,0.151598744,-475.5882263,90.02257538,32.55554962,-4.29666996,-23.02259636,4.133842945,-14.09041023,1.551881313,-20.63292313,-14.76052475,-9.122489929,-3.073951721,-4.331551075,-8.274045944,-0.265994936,-2.310592413,-6.448592663,-0.319880307,-1.025727272,-3.390688896,
1,(19).wav,0.359500915,0.011034647,2099.357283,2597.616515,5011.363636,0.062980883,-477.9518738,98.86038971,26.49833679,12.39616871,-2.372227907,12.79997349,-3.7880826,4.563463688,-9.025780678,1.750559568,-10.91592789,4.921334743,-9.941005707,-1.619069934,-1.482874632,-2.522105217,-4.689872742,1.334206223,-6.607530594,-6.96006012,
1,(2).wav,0.395757616,0.008120909,1378.464422,1818.377664,2996.037598,0.051227679,-570.3916626,128.5310822,8.969388008,26.16083336,-13.62514591,-6.081668377,28.56556702,11.23104763,-21.45759773,15.25140762,-1.671266437,2.68293643,3.061740875,-11.08168697,9.24760437,-3.925877094,-6.761237621,-2.793636322,-5.176421165,-6.522069931,
1,(20).wav,0.475060523,0.006343736,2723.750746,2846.804324,6109.588233,0.1030689,-516.3379517,82.32524872,28.55917358,16.99606895,-3.099725485,11.84772015,-4.378982544,8.297467232,-10.22649479,4.652052879,-6.938781261,8.739081383,-7.362769127,-2.914307594,1.277540445,1.125993133,-8.173694611,0.637243211,-4.678507805,-0.698611259,
1,(3).wav,0.320893258,0.006233886,1432.828899,1896.373335,2846.456662,0.052411054,-585.2029419,108.9235992,12.03204441,34.26451492,2.311987638,0.951843262,20.15774345,11.90917969,-17.71359634,14.65958214,3.173627853,-2.407509565,3.498062134,-7.218681335,6.065954685,-3.453251839,-4.44533062,0.649273455,-8.035896301,-8.237771988,
1,(4).wav,0.367663831,0.008648881,1315.675372,1665.909755,2639.355469,0.05655537,-546.5610352,137.1402435,-4.718423843,28.93143654,-10.12382412,0.82017076,26.25875282,9.022903442,-22.24300385,18.49788857,0.424871594,-1.019585371,7.220441341,-10.5870266,7.6664505,-6.809538841,-5.053036213,-0.807310224,-10.28038216,-5.644153118,
1,(5).wav,0.445450395,0.006799048,1845.985575,2048.524945,3881.193369,0.06599851,-578.3583984,103.8634644,-9.757502556,29.75131798,6.255859852,-1.26787138,5.18080616,12.04201889,-9.681595802,16.50220299,-5.36853838,2.711132526,8.608632088,-5.254142761,7.999446869,-8.403455734,-7.307461262,0.783619344,-2.047727823,-1.874538302,
1,(6).wav,0.501879811,0.003195125,1678.394692,2267.063507,4149.54612,0.050437234,-671.1576538,94.21857452,13.46367168,19.93826294,3.5365448,11.71898651,23.27739906,11.14538956,-6.209875107,14.99419689,2.580246925,2.913420677,1.932159305,-3.924757004,5.349705219,-2.436241388,-3.434322357,2.719380379,-0.299472004,-5.198486328,
1,(7).wav,0.384740531,0.005454388,1342.698077,1988.710674,3125.627254,0.035472828,-615.9307861,126.3399811,11.64417553,19.72912407,-1.376198292,7.000835896,26.69003487,3.782799959,-5.630295277,12.66727352,-0.054671444,3.002855539,-2.821974277,-8.031833649,2.891980886,-3.346916437,-6.11631155,-4.624628544,-7.260964394,-1.136608124,
1,(8).wav,0.400643408,0.005180899,1446.041025,1975.114562,3162.563431,0.044543115,-595.994751,123.9507065,-0.096666425,28.90357208,5.221281528,2.966706514,12.95812893,9.797065735,-8.607784271,12.99961185,-1.438542724,1.890948057,-1.576930642,-2.034270763,8.487847328,-8.693593025,-1.307400584,-0.837053061,3.850139618,1.631492853,
1,(9).wav,0.476057529,0.005290777,1417.31131,2021.380641,3215.507332,0.043677158,-630.4307251,112.1263123,10.61000347,29.00982475,2.493396282,6.398826122,23.19895554,9.299930573,-9.883605003,13.1153574,0.039611217,1.963078022,2.428879738,-6.806621075,7.095308304,-1.958670497,-2.51105237,0.733573318,-0.805957377,-0.243939757,
0,(1).wav,0.423824012,0.007899071,1680.778128,1945.605148,3593.720315,0.065390847,-573.5292358,98.24414063,2.928665876,28.84744072,-12.41062927,-2.080808163,24.6423893,15.42053795,-12.59483719,5.701871872,-0.574572504,-4.911789417,5.825384617,-3.279061079,1.690926313,-1.242776036,-8.518683434,5.991436958,-6.024194717,-10.5705471,
0,(10).wav,0.412340701,0.010583258,1396.150034,1779.472029,2958.630902,0.047356205,-526.3547974,122.0771942,-0.962014914,28.02884293,-12.75714684,-0.456193507,14.8577261,12.7718277,-15.70517159,8.209418297,-5.66324234,-5.557730198,2.498376608,0.952563107,-0.652190208,-2.487242222,-3.612035513,-2.34949708,-3.851484776,-11.4949379,
0,(11).wav,0.388426781,0.016839622,2324.370406,2392.419152,4846.843156,0.09244084,-444.8067932,94.86785889,-0.000343544,8.279894829,-3.959425449,0.640945792,1.368454933,0.203080967,-12.48147964,-7.187407494,-3.063312292,-3.858106613,-8.945837021,7.095685959,-1.951779842,0.695209861,-5.678647041,-2.09914279,-5.009129047,-4.209159374,
0,(12).wav,0.341004878,0.011484765,2896.391255,2705.299192,5910.740504,0.136976922,-475.0194092,74.83847046,11.35998917,10.78774834,-7.024515629,-1.51736927,-6.975427151,3.852716446,-18.62612724,0.388825178,-5.471261501,-8.311487198,-10.15489483,3.217997551,-4.631996632,-1.946126819,-10.2342062,-1.701366425,-7.505094051,-3.47649312,
0,(13).wav,0.342930734,0.009909089,2486.764588,2579.84134,5198.249817,0.099603271,-478.6238403,89.37931824,14.12878418,8.468795776,-8.25449276,4.556674004,-13.95828533,-3.777545929,-13.22641945,-5.404149055,-5.567892551,-6.120640755,-7.096565247,-0.176557899,-5.474949837,1.469111681,-11.5829916,-1.22561419,-11.71741199,0.00202899,
0,(14).wav,0.352915287,0.010635672,2625.637374,2609.528852,5423.714547,0.124037591,-482.5034485,83.56507874,10.3607502,8.202707291,-3.544029713,6.641523361,-5.824954987,0.587530613,-9.93584156,-8.899965286,-4.893728733,-5.560715199,-9.276352882,-0.192058831,-0.438758701,0.722597361,-8.122577667,1.097240329,-8.119436264,1.066480279,
0,(15).wav,0.39402771,0.020887783,3090.470443,2882.927927,6176.908543,0.143844826,-468.9715881,63.00210953,33.67517471,16.33986282,-5.360923767,11.74412251,-5.194254875,-1.641750097,-15.33306789,-7.568936825,-5.91437149,1.098708987,-12.10438633,-6.252339363,-4.464314938,-7.388088226,-12.59665966,-0.533468664,-7.512732506,-4.057154179,
0,(16).wav,0.395151049,0.037236996,2896.35743,2871.852585,6262.736373,0.117202296,-437.1439514,53.97654724,24.23798561,20.67289734,-4.329991817,12.54867268,10.03891182,-6.613327026,-15.77686882,-18.28694725,-12.70812416,-4.744289875,-6.803166866,-3.105013371,-1.145677567,-3.17720294,-11.35636044,-2.556826115,-8.87684536,-6.763893604,
0,(17).wav,0.422435671,0.018714661,3010.364208,2949.010562,6495.725855,0.125005612,-494.1862793,59.76630402,23.21609497,21.66040421,9.897471428,17.22280884,4.345382214,-2.175238132,-16.40387344,-6.925649166,-9.056628227,0.937182307,-6.168635368,-4.257356167,-2.636119366,-7.921490669,-9.741641998,-1.514259815,-7.291064739,-3.577241659,
0,(18).wav,0.403811276,0.036194362,3166.855388,2766.726563,6270.531165,0.171514096,-429.7012329,46.69318771,15.16828918,18.96725273,-2.791373968,15.28445721,8.25037384,-3.786569834,-15.46151066,-15.95673943,-11.73247528,-4.83633852,-10.41729927,-5.634982109,-1.911324143,0.541549683,-10.05941582,-2.431159496,-5.581641197,-7.138997078,
0,(19).wav,0.393400043,0.02637268,3317.057424,3152.844518,7391.464233,0.141357422,-418.598053,48.11461258,18.85515022,20.77253723,-4.131087303,-0.991947591,7.068117619,-1.285202742,-11.66907215,-8.80709362,-8.516804695,-9.117791176,-10.08460045,-2.260122299,-10.76545715,-6.266858578,-11.41636658,6.027980804,-11.79582405,-0.187764809,
0,(2).wav,0.337353468,0.006107733,1659.284899,2125.703921,3823.523888,0.060847356,-610.0429077,101.0189819,14.63133812,26.22950745,-5.585974693,5.805855751,22.92609596,4.402181625,-14.27365589,4.738559246,-5.200075626,0.33913669,-2.024635553,-10.82531834,3.229387999,-2.016850948,-6.392677784,1.230710626,-5.378928661,1.28343904,
0,(20).wav,0.443272293,0.010928328,3315.426317,2938.796617,6761.243296,0.170840506,-451.532959,57.38676071,11.42656231,17.69730377,2.450737238,7.238850594,-1.758922696,-0.81627965,-18.80913925,-3.58399415,-12.16902161,3.739687443,-4.712467194,-0.873985529,-8.183143616,0.131931454,-8.358906746,0.488713294,-8.280901909,-5.757546425,
0,(3).wav,0.401451319,0.006531459,1530.525532,1936.488361,3379.351596,0.059800422,-580.2623901,111.2725601,3.422404289,29.34396935,-8.798296928,12.10460186,30.12859535,11.5089283,-24.23796082,13.00107861,1.072704434,-0.706728101,0.277140498,-8.009148598,6.268805027,-1.998092771,-5.788944721,1.640846372,-5.698860645,-4.217589378,
0,(4).wav,0.370387852,0.007383295,1460.136221,1893.091777,3256.313241,0.053010872,-584.8939209,115.4735184,-3.357841492,25.69065666,-2.221923113,-2.840261698,21.87596703,13.4691,-9.039629936,7.495372295,-1.068267584,-5.967686653,3.437783003,0.469531417,0.850223422,1.944857717,-9.086256981,2.162747622,-1.797166586,-11.03210545,
0,(5).wav,0.377144277,0.007936689,1410.133004,1863.321179,3025.646579,0.054655998,-589.5228271,112.1861115,10.96717262,27.92708778,-10.17267323,-2.659686804,26.9005661,5.716202259,-18.18932152,9.489465714,-4.485335827,-3.340692997,4.463272095,-5.307001114,3.179740667,-3.379116297,-6.043625832,3.194259882,-5.12063694,-7.626105309,
0,(6).wav,0.338750929,0.00658451,1822.759172,2125.636379,4148.924462,0.060355522,-601.7160645,110.1843033,12.11681271,22.54757309,-13.74684715,-1.137378335,31.24459648,8.335371017,-21.37303543,15.26920319,-3.72022438,-6.861868382,8.827196121,-5.453556061,-0.479758084,0.342571348,-3.173489571,3.516998291,-10.10013199,-7.086500168,
0,(7).wav,0.498004168,0.007219891,1656.248348,1998.3316,3697.952058,0.065634084,-588.6964111,107.3785553,-0.497517377,26.7167511,-10.16645241,-4.73266077,16.17903137,11.71604919,-11.95040703,3.517704725,-2.316102505,-2.992307901,0.989373863,-0.479720771,3.162621737,-1.521229982,-5.50929594,1.80053091,-1.518809438,-6.91896677,
0,(8).wav,0.444099069,0.008175606,1766.503224,2084.798254,4057.07322,0.061369821,-585.453186,100.5790253,4.261333466,28.30056,-14.12328148,-1.152496576,18.82684326,13.84032822,-9.67771244,8.80219841,0.796232343,-0.744524479,5.129281044,1.537952185,-2.912472725,-2.720615625,-2.57323885,6.024420738,-4.05607605,-4.693557739,
0,(9).wav,0.457034349,0.008651431,1477.561768,1909.461232,3252.020335,0.05496898,-584.0514526,105.397644,4.366143227,21.16311646,-19.84080315,5.932396889,32.6711235,0.090484202,-13.23316193,11.40848541,-8.421092987,3.779359341,4.469360352,-1.768022299,0.870856941,-2.624951363,6.031280041,-2.643681288,-7.935657978,-4.125861168,
